Image,Codec,Param,BPP,PSNR,SSIM,EncTime,DecTime
kodim01,JPEG,10.0,0.4398396809895833,24.774125089745237,0.7066334088115788,0.0028929077088832855,0.002875765785574913
kodim01,JPEG,30.0,0.9223225911458334,28.211136012443532,0.8483983523616541,0.004042337648570538,0.0035828789696097374
kodim01,JPEG,50.0,1.2572021484375,29.86791294787986,0.8918183539601797,0.0041951704770326614,0.0036798017099499702
kodim01,JPEG,70.0,1.7083536783854167,31.706023825942427,0.9260211568926411,0.006401626393198967,0.0022321268916130066
kodim01,JPEG,80.0,2.1467488606770835,33.3860866672045,0.9469273992083278,0.006728379055857658,0.002865285612642765
kodim01,JPEG,90.0,3.15313720703125,36.87849728652552,0.9733471381704145,0.005800730548799038,0.00292389839887619
kodim01,JPEG,95.0,4.394938151041667,40.47431183039475,0.9868274306859607,0.006495689041912556,0.004148316569626331
kodim01,BPG,40.0,0.5141805013020834,27.317434500844485,0.8028428378889688,0.3235376263037324,0.20500805228948593
kodim01,BPG,35.0,0.9265950520833334,30.55744377834148,0.8991946360237665,0.314612178131938,0.2145483661442995
kodim01,BPG,31.0,1.390625,33.48251150188106,0.9447559262669748,0.339300655759871,0.21769086457788944
kodim01,BPG,27.0,1.9592692057291667,36.44026117947577,0.9701523890549758,0.35623097233474255,0.22109479364007711
kodim01,BPG,23.0,2.6134440104166665,39.36413277322903,0.983301311647575,0.3554546032100916,0.21211953461170197
kodim01,BPG,19.0,3.36834716796875,42.05775935017413,0.9902141719430563,0.37302399054169655,0.20686616003513336
kodim01,BPG,15.0,4.251241048177083,44.31975910122752,0.9938942700518093,0.41295500565320253,0.20674536563456059
kodim01,JPEG-XL,5.0,0.6630452473958334,28.28230155529386,0.8361815271885273,0.2074976358562708,0.08953680284321308
kodim01,JPEG-XL,4.5,0.7395222981770834,28.699087153164044,0.8508589457787522,0.20986368879675865,0.07125928159803152
kodim01,JPEG-XL,3.5,0.9359130859375,30.045452705575187,0.8868706595884709,0.16921838372945786,0.08389896620064974
kodim01,JPEG-XL,2.8,1.16778564453125,31.483102158155795,0.9166086129288292,0.20077042188495398,0.07857934478670359
kodim01,JPEG-XL,1.7,1.7928059895833333,34.826974380223035,0.9597036969282896,0.19124326016753912,0.07640624884516001
kodim01,JPEG-XL,1.0,2.57476806640625,38.291671842345345,0.9809275735296389,0.20022116228938103,0.09154202230274677
kodim01,JPEG-XL,0.4,4.173360188802083,42.88726566108879,0.9928167615880646,0.1683829678222537,0.06876554153859615
kodim02,JPEG,10.0,0.22806803385416666,27.847839104812184,0.6925886979604993,0.005226053297519684,0.0027335993945598602
kodim02,JPEG,30.0,0.4752197265625,31.368470971214094,0.8094766674533128,0.0058702342212200165,0.002166513353586197
kodim02,JPEG,50.0,0.6891682942708334,32.84433254043093,0.8542294473458729,0.0036738598719239235,0.002883758395910263
kodim02,JPEG,70.0,0.9961344401041666,34.386485050812745,0.8892891148046765,0.00653743464499712,0.0022298600524663925
kodim02,JPEG,80.0,1.29852294921875,35.61685723797021,0.9117155152892994,0.004062484949827194,0.0020561441779136658
kodim02,JPEG,90.0,2.0257161458333335,37.89069165015466,0.9429909495466356,0.005054174922406673,0.002707955427467823
kodim02,JPEG,95.0,3.036865234375,40.15102159651178,0.9646205698981495,0.006398046389222145,0.005089352838695049
kodim02,BPG,40.0,0.23935953776041666,30.585417237261503,0.7702286024721309,0.27780415397137403,0.21236600819975138
kodim02,BPG,35.0,0.4293619791666667,33.02593761855843,0.8462074632741959,0.2829282134771347,0.21607640106230974
kodim02,BPG,31.0,0.7033487955729166,35.243299619953966,0.8972336670088549,0.303505789488554,0.24278712831437588
kodim02,BPG,27.0,1.1332194010416667,37.69135967071151,0.9355517739652083,0.3253913149237633,0.22790920548141003
kodim02,BPG,23.0,1.74481201171875,40.23491382006662,0.9608545943143955,0.38041682820767164,0.22807048726826906
kodim02,BPG,19.0,2.5275472005208335,42.64711634948686,0.9760670207307447,0.4140544980764389,0.23364754766225815
kodim02,BPG,15.0,3.5053507486979165,44.79568589547105,0.984746775849111,0.4075490105897188,0.23538521770387888
kodim02,JPEG-XL,5.0,0.3808390299479167,31.999115477230195,0.8132399750951809,0.19384434074163437,0.08839619532227516
kodim02,JPEG-XL,4.5,0.434326171875,32.260446315244856,0.8264677140768621,0.18288421351462603,0.07676866091787815
kodim02,JPEG-XL,3.5,0.56060791015625,33.17348167957925,0.8515736591556848,0.17899931594729424,0.09311907086521387
kodim02,JPEG-XL,2.8,0.7019449869791666,34.46291855906129,0.8809857836524778,0.15334737673401833,0.08572854194790125
kodim02,JPEG-XL,1.7,1.1491292317708333,36.5883541915282,0.9222874896548685,0.17276367731392384,0.08228494971990585
kodim02,JPEG-XL,1.0,1.8369547526041667,39.15575393371205,0.9539804139339384,0.17874344252049923,0.08093526493757963
kodim02,JPEG-XL,0.4,3.48748779296875,42.84677448324835,0.9789900700883537,0.14456512685865164,0.0812211548909545
kodim03,JPEG,10.0,0.23954264322916666,28.56080877570544,0.7826126873644847,0.0030596554279327393,0.0018860884010791779
kodim03,JPEG,30.0,0.447998046875,32.8612659708933,0.8856998667675574,0.003457058221101761,0.0019793976098299026
kodim03,JPEG,50.0,0.6131795247395834,34.55764107500166,0.9157315213212679,0.0033422447741031647,0.0018695509061217308
kodim03,JPEG,70.0,0.84130859375,36.26649677575316,0.9384413511604195,0.006684048101305962,0.00228782556951046
kodim03,JPEG,80.0,1.0637613932291667,37.6700003284678,0.951492570024819,0.003861364908516407,0.0021191388368606567
kodim03,JPEG,90.0,1.6117757161458333,40.09308879711128,0.9676897193259375,0.00476533267647028,0.0026801591739058495
kodim03,JPEG,95.0,2.3884480794270835,42.211128417988924,0.9772975683477041,0.005517423152923584,0.0027237124741077423
kodim03,BPG,40.0,0.24031575520833334,32.1684279951499,0.8715458636998136,0.2696910947561264,0.17849764600396156
kodim03,BPG,35.0,0.3714192708333333,35.043841873504256,0.918459957407174,0.29043482057750225,0.2011563926935196
kodim03,BPG,31.0,0.5308430989583334,37.374238698644916,0.9437068602842423,0.2949553309008479,0.19256435800343752
kodim03,BPG,27.0,0.757080078125,39.59850058176169,0.9609232280852087,0.30677570682018995,0.21679160371422768
kodim03,BPG,23.0,1.0928141276041667,41.730327355800554,0.9717110279349427,0.3456951202824712,0.22912765573710203
kodim03,BPG,19.0,1.64874267578125,43.71137202861703,0.9797907521369743,0.33503121975809336,0.23930110782384872
kodim03,BPG,15.0,2.4945475260416665,45.67262916654749,0.9864436600331422,0.4045219225808978,0.2474685125052929
kodim03,JPEG-XL,5.0,0.3509318033854167,33.386597738113764,0.8935761456937069,0.18492789193987846,0.07602410111576319
kodim03,JPEG-XL,4.5,0.3909098307291667,33.885845292661536,0.9024756473834157,0.22792429104447365,0.09017138462513685
kodim03,JPEG-XL,3.5,0.4772542317708333,34.774526518820124,0.916184389299989,0.19119124859571457,0.07775375060737133
kodim03,JPEG-XL,2.8,0.57781982421875,35.8428280949994,0.9311469616893758,0.18013568501919508,0.07397955283522606
kodim03,JPEG-XL,1.7,0.8664143880208334,37.89707225648904,0.9537145972440205,0.1773496475070715,0.0738125741481781
kodim03,JPEG-XL,1.0,1.2644246419270833,39.76471971524089,0.9671640403916776,0.1819390533491969,0.07799914572387934
kodim03,JPEG-XL,0.4,2.5753377278645835,42.57686088656897,0.9806949637814801,0.13686730340123177,0.0852608447894454
kodim04,JPEG,10.0,0.2629191080729167,27.826636520160054,0.722886500563778,0.002835756167769432,0.0019025783985853195
kodim04,JPEG,30.0,0.5365193684895834,31.70473517565847,0.8468256218623896,0.0034340256825089455,0.0025895023718476295
kodim04,JPEG,50.0,0.75262451171875,33.25728334789894,0.885587201021618,0.0038156667724251747,0.001856926828622818
kodim04,JPEG,70.0,1.05047607421875,34.74384199680334,0.9135402809302265,0.003568488173186779,0.0023185452446341515
kodim04,JPEG,80.0,1.34967041015625,36.02921473598347,0.9316866213314626,0.006650526076555252,0.002141892910003662
kodim04,JPEG,90.0,2.0712076822916665,38.42139296505969,0.9564815359073519,0.007456996478140354,0.0038489382714033127
kodim04,JPEG,95.0,3.0637003580729165,40.90788961233863,0.9732955431858056,0.008093258365988731,0.00396242830902338
kodim04,BPG,40.0,0.26873779296875,30.487453978967526,0.8028866659366215,0.2855434073135257,0.20663875434547663
kodim04,BPG,35.0,0.46044921875,33.10971029437471,0.8738645475357099,0.29415218252688646,0.23730316013097763
kodim04,BPG,31.0,0.7188924153645834,35.42411517361708,0.9177281374495032,0.3367254575714469,0.22202478349208832
kodim04,BPG,27.0,1.1129557291666667,37.890032266277146,0.948071459205574,0.32437656447291374,0.22397449519485235
kodim04,BPG,23.0,1.674560546875,40.3849098272694,0.9686765106157802,0.3489875616505742,0.23144315648823977
kodim04,BPG,19.0,2.39837646484375,42.759703685940885,0.9808468565374509,0.3909063655883074,0.2304476471617818
kodim04,BPG,15.0,3.3295491536458335,44.90188002736605,0.987850281064504,0.3930228101089597,0.24259989243000746
kodim04,JPEG-XL,5.0,0.3979288736979167,32.2138965106829,0.8535656977373612,0.19273373950272799,0.08162454143166542
kodim04,JPEG-XL,4.5,0.4455769856770833,32.570296085803946,0.8641884901030865,0.19784687459468842,0.09400583896785975
kodim04,JPEG-XL,3.5,0.5527140299479166,33.478585268205194,0.8847133245928162,0.17973612621426582,0.0791799807921052
kodim04,JPEG-XL,2.8,0.6861165364583334,34.479340321429355,0.9053168090148959,0.15560459811240435,0.09141146764159203
kodim04,JPEG-XL,1.7,1.1052042643229167,36.89207915433351,0.9407317222558724,0.1587090864777565,0.09278948605060577
kodim04,JPEG-XL,1.0,1.7431640625,39.78768491912596,0.966557014430387,0.20650426857173443,0.08021949231624603
kodim04,JPEG-XL,0.4,3.3465983072916665,44.00241721638541,0.9864043553030756,0.15196346398442984,0.0759514719247818
kodim05,JPEG,10.0,0.5044759114583334,23.949707229731864,0.7385411591048422,0.003041837364435196,0.001928410492837429
kodim05,JPEG,30.0,1.036865234375,27.73145621542989,0.8749719687766161,0.0036636507138609886,0.002268570475280285
kodim05,JPEG,50.0,1.4054361979166667,29.586318892258166,0.9125271436211307,0.0039052460342645645,0.002019943669438362
kodim05,JPEG,70.0,1.8780924479166667,31.583304114789364,0.9403897452643348,0.004137877374887466,0.0027235494926571846
kodim05,JPEG,80.0,2.33380126953125,33.30127124810811,0.9566874408295517,0.004933019168674946,0.0026801666244864464
kodim05,JPEG,90.0,3.3273518880208335,36.369816405815115,0.9760168527720644,0.005458689294755459,0.0039589423686265945
kodim05,JPEG,95.0,4.590230305989583,39.20165187290766,0.9864556334478959,0.0059302449226379395,0.00380733422935009
kodim05,BPG,40.0,0.5405476888020834,26.600490809052722,0.8297386615599649,0.3166510295122862,0.20702139381319284
kodim05,BPG,35.0,0.8956705729166666,29.801104908694462,0.9089543867370722,0.3279446978121996,0.20745822694152594
kodim05,BPG,31.0,1.2945353190104167,32.56398579655433,0.9475878989027585,0.32505462411791086,0.2090899469330907
kodim05,BPG,27.0,1.8103434244791667,35.389379900980146,0.969716994359877,0.35831713676452637,0.2354340124875307
kodim05,BPG,23.0,2.4428914388020835,38.139263600452374,0.9820680986250122,0.3807768141850829,0.21230670157819986
kodim05,BPG,19.0,3.22967529296875,40.78417892135187,0.9892424539565638,0.41438070498406887,0.2127232775092125
kodim05,BPG,15.0,4.200703938802083,43.17865399624893,0.9933165126275506,0.4121747901663184,0.21307446993887424
kodim05,JPEG-XL,5.0,0.8410237630208334,28.40600231786173,0.8810257313044346,0.2190465284511447,0.088529490865767
kodim05,JPEG-XL,4.5,0.9203898111979166,28.816030576676546,0.8917334162190498,0.19880527257919312,0.07701906282454729
kodim05,JPEG-XL,3.5,1.1332194010416667,30.1808756852437,0.9172106461767999,0.1819521989673376,0.0815618447959423
kodim05,JPEG-XL,2.8,1.3554280598958333,31.426772864466198,0.936508334759194,0.18161137588322163,0.08566134050488472
kodim05,JPEG-XL,1.7,1.9334309895833333,34.08796242916903,0.9639842576844329,0.18012589309364557,0.08340880367904902
kodim05,JPEG-XL,1.0,2.7010091145833335,36.77892211835478,0.9792310155736424,0.18698710575699806,0.08309744670987129
kodim05,JPEG-XL,0.4,4.451009114583333,40.8235695582939,0.9910041443923224,0.14640087261795998,0.08783694449812174
kodim06,JPEG,10.0,0.3553263346354167,25.685190117793113,0.7275982069047346,0.005620165728032589,0.0021005449816584587
kodim06,JPEG,30.0,0.7397664388020834,29.424935007552445,0.862992951020399,0.00396812055259943,0.002189822494983673
kodim06,JPEG,50.0,1.01531982421875,31.159760716447064,0.9014941496852488,0.003893156535923481,0.002133202739059925
kodim06,JPEG,70.0,1.3771158854166667,33.11380846996317,0.9309095621692506,0.00664969626814127,0.002624223008751869
kodim06,JPEG,80.0,1.7210286458333333,34.7410309365738,0.9480473507495635,0.006448174826800823,0.002463744953274727
kodim06,JPEG,90.0,2.5256551106770835,37.75846197776884,0.9692578286057744,0.004929945804178715,0.003039758652448654
kodim06,JPEG,95.0,3.6039225260416665,40.67426763673457,0.9817132693183718,0.008312431164085865,0.007442053407430649
kodim06,BPG,40.0,0.4098714192708333,28.757629892525856,0.8250965468034352,0.3077307743951678,0.2037967201322317
kodim06,BPG,35.0,0.7117106119791666,31.837290639578573,0.9030912915630921,0.31244662310928106,0.21681675594300032
kodim06,BPG,31.0,1.0582275390625,34.444700417090644,0.9408155843863728,0.32900959718972445,0.20442362688481808
kodim06,BPG,27.0,1.5253499348958333,37.190648128285716,0.9643460056911707,0.35397226363420486,0.20953970309346914
kodim06,BPG,23.0,2.1115926106770835,39.83171107351315,0.9776046761272285,0.38569992035627365,0.22314992640167475
kodim06,BPG,19.0,2.8445231119791665,42.36803170245093,0.9859576090526998,0.4114356227219105,0.24637984484434128
kodim06,BPG,15.0,3.7222900390625,44.53949112662261,0.9906953788876042,0.384278173558414,0.23681721556931734
kodim06,JPEG-XL,5.0,0.5180257161458334,29.75207761731548,0.8574544906045563,0.1838221587240696,0.09210810624063015
kodim06,JPEG-XL,4.5,0.5752766927083334,30.143583271220397,0.8698136890921188,0.18866640143096447,0.0702415956184268
kodim06,JPEG-XL,3.5,0.7208658854166666,31.474600703794078,0.8983775404017721,0.16926074493676424,0.07503233011811972
kodim06,JPEG-XL,2.8,0.8896687825520834,32.823482511326866,0.9218398403626168,0.17295899521559477,0.0873420825228095
kodim06,JPEG-XL,1.7,1.36236572265625,35.88645944536123,0.9568607742350328,0.16587129887193441,0.07984903361648321
kodim06,JPEG-XL,1.0,1.9989013671875,38.91693001579297,0.9761036677900798,0.22065232321619987,0.08735604677349329
kodim06,JPEG-XL,0.4,3.3726603190104165,42.92593731851848,0.9889769308896382,0.1337036732584238,0.06777014210820198
kodim07,JPEG,10.0,0.310302734375,27.714738431154913,0.8251553583477462,0.002882484346628189,0.0026328833773732185
kodim07,JPEG,30.0,0.5688680013020834,32.119048070739865,0.9124441780979061,0.003215891309082508,0.0018886299803853035
kodim07,JPEG,50.0,0.7590128580729166,33.918761954790064,0.9351753750068562,0.003901991993188858,0.001963595859706402
kodim07,JPEG,70.0,1.01263427734375,35.696626253669464,0.9519444955769348,0.0037297671660780907,0.0025816773995757103
kodim07,JPEG,80.0,1.2646891276041667,37.07884767417451,0.9612397790124102,0.007372280582785606,0.002952318638563156
kodim07,JPEG,90.0,1.8694254557291667,39.57668387248527,0.9736567434484701,0.004396469332277775,0.003293112851679325
kodim07,JPEG,95.0,2.7181396484375,41.87022341664631,0.9812848124325514,0.007068432867527008,0.0027623120695352554
kodim07,BPG,40.0,0.2994181315104167,30.626046003807083,0.8956410691599478,0.26800455804914236,0.18491272628307343
kodim07,BPG,35.0,0.4426472981770833,33.63113187037708,0.9340023347010585,0.2879058700054884,0.1836302075535059
kodim07,BPG,31.0,0.609130859375,36.08564193029991,0.954651869933912,0.30824277363717556,0.18946353439241648
kodim07,BPG,27.0,0.8465576171875,38.550573969700245,0.9678434837970583,0.3177504697814584,0.21495854668319225
kodim07,BPG,23.0,1.1915486653645833,40.77654956847663,0.9762269476140061,0.32860900554805994,0.21920163370668888
kodim07,BPG,19.0,1.7744140625,42.90777424955854,0.9831284457144053,0.3446472408249974,0.2254923926666379
kodim07,BPG,15.0,2.6341756184895835,44.94509663586405,0.9887846165094913,0.38520540576428175,0.23345893807709217
kodim07,JPEG-XL,5.0,0.4669392903645833,33.045299114988424,0.9287684981352579,0.16183482483029366,0.07166313659399748
kodim07,JPEG-XL,4.5,0.5127766927083334,33.40710493640771,0.9336878701711573,0.22486427426338196,0.08686197269707918
kodim07,JPEG-XL,3.5,0.6197306315104166,34.50849179251157,0.9437973623998133,0.18125227745622396,0.06995831150561571
kodim07,JPEG-XL,2.8,0.7355753580729166,35.55649757972965,0.9531749935942765,0.18661953695118427,0.08824590779840946
kodim07,JPEG-XL,1.7,1.0393880208333333,37.70189258174717,0.9667831142668369,0.1619549933820963,0.06849375367164612
kodim07,JPEG-XL,1.0,1.4698689778645833,39.83043513098817,0.9755930452796201,0.17452031560242176,0.07204012852162123
kodim07,JPEG-XL,0.4,2.87548828125,43.272290019777806,0.9865896101135578,0.1727161593735218,0.07422846276313066
kodim08,JPEG,10.0,0.5213826497395834,23.645473525470777,0.7636124399121839,0.003529581241309643,0.002775406464934349
kodim08,JPEG,30.0,1.0419921875,27.534412115046404,0.8767413193858006,0.004283072426915169,0.003881806507706642
kodim08,JPEG,50.0,1.40625,29.425810313069213,0.9102675712637093,0.004024524241685867,0.0020812274888157845
kodim08,JPEG,70.0,1.8863118489583333,31.43902247613269,0.936315120455229,0.004554401151835918,0.0026869997382164
kodim08,JPEG,80.0,2.3458455403645835,33.13255577119025,0.9523486561437462,0.007225902751088142,0.0025258660316467285
kodim08,JPEG,90.0,3.3676554361979165,36.2305398319161,0.9730549140061772,0.005981834605336189,0.00445227324962616
kodim08,JPEG,95.0,4.705891927083333,39.18476317254549,0.98574105532943,0.006436419673264027,0.004191556945443153
kodim08,BPG,40.0,0.5315958658854166,26.45856878471401,0.8448242454619909,0.3009776100516319,0.1964865457266569
kodim08,BPG,35.0,0.8651326497395834,29.625796376230035,0.9079490299886012,0.3061131704598665,0.18855547718703747
kodim08,BPG,31.0,1.2694498697916667,32.234447349857064,0.9428817736918435,0.34393967874348164,0.21515021566301584
kodim08,BPG,27.0,1.80816650390625,34.96053761265791,0.9666325629127482,0.334619477391243,0.21553026046603918
kodim08,BPG,23.0,2.5001220703125,37.73394684642637,0.9812622108440577,0.3589542964473367,0.21213325671851635
kodim08,BPG,19.0,3.3336385091145835,40.45302209680082,0.9894874871766989,0.37502441368997097,0.20626238361001015
kodim08,BPG,15.0,4.306925455729167,42.88896661133062,0.993539811321328,0.395803676918149,0.20434497483074665
kodim08,JPEG-XL,5.0,0.8009033203125,28.374836731503848,0.8848148316761512,0.19095466192811728,0.08899874240159988
kodim08,JPEG-XL,4.5,0.8766682942708334,28.881933809731166,0.8935156617386903,0.18167649768292904,0.0801257649436593
kodim08,JPEG-XL,3.5,1.08001708984375,30.287234682411626,0.9156301602980074,0.19046337250620127,0.08705846220254898
kodim08,JPEG-XL,2.8,1.3000895182291667,31.543733749812894,0.9328574389545583,0.16299187391996384,0.08558817580342293
kodim08,JPEG-XL,1.7,1.884765625,34.245003102326294,0.960802532758501,0.2077636495232582,0.07763637695461512
kodim08,JPEG-XL,1.0,2.7262776692708335,37.19620858230883,0.9798848520328823,0.17778264824301004,0.0729467710480094
kodim08,JPEG-XL,0.4,4.474161783854167,41.434702496493216,0.9923792865849048,0.1702571902424097,0.08284618426114321
kodim09,JPEG,10.0,0.2668863932291667,28.552007911247866,0.8147373181472947,0.005396210588514805,0.0031745731830596924
kodim09,JPEG,30.0,0.4718424479166667,32.78103748113385,0.8921414899996832,0.0035172998905181885,0.0018388750031590462
kodim09,JPEG,50.0,0.6253662109375,34.52806563301249,0.913559357238403,0.0036590462550520897,0.0017062649130821228
kodim09,JPEG,70.0,0.8582967122395834,36.136206297948064,0.929172837254896,0.005994907580316067,0.0022166669368743896
kodim09,JPEG,80.0,1.1167195638020833,37.44102635114964,0.9397716627916495,0.00666892621666193,0.0023462651297450066
kodim09,JPEG,90.0,1.7537638346354167,39.645589548889134,0.9549742040443571,0.004375491291284561,0.0026997094973921776
kodim09,JPEG,95.0,2.70123291015625,41.673104948288554,0.9678541338396709,0.006934047676622868,0.0027381163090467453
kodim09,BPG,40.0,0.2570597330729167,31.814743187127036,0.8786307834248598,0.2673748703673482,0.1888999966904521
kodim09,BPG,35.0,0.3786417643229167,34.577991184141126,0.9136030377583543,0.3012064592912793,0.18794673774391413
kodim09,BPG,31.0,0.5267130533854166,36.626620067618376,0.9305790125641465,0.32066046819090843,0.19584656227380037
kodim09,BPG,27.0,0.7869669596354166,38.583241278083534,0.9438348645290722,0.30788198951631784,0.22980250138789415
kodim09,BPG,23.0,1.322021484375,40.64068039587663,0.9609549483627821,0.33969041518867016,0.249339553527534
kodim09,BPG,19.0,2.08282470703125,42.99931708564457,0.9765646913729991,0.35484826751053333,0.2348064025864005
kodim09,BPG,15.0,2.998291015625,45.055227455226714,0.984713936996089,0.39112468156963587,0.24135587271302938
kodim09,JPEG-XL,5.0,0.357177734375,33.78930241219888,0.9055232978560287,0.18285756465047598,0.07065926305949688
kodim09,JPEG-XL,4.5,0.39453125,34.22645767290589,0.9109659615763581,0.2112711789086461,0.08443953562527895
kodim09,JPEG-XL,3.5,0.4695231119791667,35.30916950176256,0.9206590249717065,0.16657411959022284,0.0687615443021059
kodim09,JPEG-XL,2.8,0.5694376627604166,36.33256038639154,0.9300938312584375,0.1439853012561798,0.07545001246035099
kodim09,JPEG-XL,1.7,0.8683878580729166,38.44456245456516,0.9455657925987749,0.18574577569961548,0.062081774696707726
kodim09,JPEG-XL,1.0,1.3680623372395833,40.47443939801254,0.9599207928809079,0.15205853059887886,0.08478831127285957
kodim09,JPEG-XL,0.4,3.0079142252604165,44.35814700277124,0.9833062325040892,0.17609460931271315,0.07023929059505463
kodim10,JPEG,10.0,0.2728271484375,28.212210454067296,0.7830868440161943,0.005401878617703915,0.0019824281334877014
kodim10,JPEG,30.0,0.5115966796875,32.40680463102703,0.8796415740910531,0.0032175052911043167,0.0020250044763088226
kodim10,JPEG,50.0,0.6966959635416666,34.17570903225466,0.9078132581263145,0.005852595902979374,0.0017740549519658089
kodim10,JPEG,70.0,0.9590657552083334,35.86851321925815,0.9284035052478671,0.006946759298443794,0.002820306457579136
kodim10,JPEG,80.0,1.2350667317708333,37.202396580186424,0.9412474739822332,0.004239396192133427,0.0021769385784864426
kodim10,JPEG,90.0,1.89715576171875,39.43657451063618,0.9590027316405493,0.004150859080255032,0.0026799123734235764
kodim10,JPEG,95.0,2.8474934895833335,41.42824174375833,0.9714511737735979,0.007529103197157383,0.002733379602432251
kodim10,BPG,40.0,0.2730509440104167,31.310934657646058,0.8570245164836319,0.2737317970022559,0.19395953696221113
kodim10,BPG,35.0,0.4100748697916667,34.0629866508146,0.903885430698812,0.2854391671717167,0.2229367783293128
kodim10,BPG,31.0,0.5804443359375,36.22925865009116,0.9298754430705913,0.3115876838564873,0.2161957984790206
kodim10,BPG,27.0,0.85845947265625,38.35835001545029,0.947961845929297,0.319429038092494,0.2397362543269992
kodim10,BPG,23.0,1.39788818359375,40.50806952573972,0.9648717132091159,0.34601401071995497,0.24854182917624712
kodim10,BPG,19.0,2.1585693359375,42.868985951473,0.9787054739554183,0.39510458428412676,0.24482757411897182
kodim10,BPG,15.0,3.067626953125,44.98980849733981,0.9862548965031701,0.41898486763238907,0.2415961166843772
kodim10,JPEG-XL,5.0,0.4117431640625,33.84460193707515,0.8997715184368666,0.1867864215746522,0.08348398096859455
kodim10,JPEG-XL,4.5,0.4569295247395833,34.30148579059293,0.9070279457528528,0.21710796374827623,0.08466254081577063
kodim10,JPEG-XL,3.5,0.5567830403645834,35.36503415101979,0.9201768689261293,0.2267560726031661,0.07165318448096514
kodim10,JPEG-XL,2.8,0.67425537109375,36.376221531456814,0.9319061726736827,0.22166266478598118,0.0731150908395648
kodim10,JPEG-XL,1.7,1.0116373697916667,38.4208045245249,0.9505724801325836,0.20084478333592415,0.07523134164512157
kodim10,JPEG-XL,1.0,1.5757853190104167,40.59833002953238,0.9661155907696924,0.20061059202998877,0.07784295454621315
kodim10,JPEG-XL,0.4,3.2637939453125,44.654560528604144,0.9860037987847186,0.20765756350010633,0.0731403362005949
kodim11,JPEG,10.0,0.3156534830729167,26.319835626755548,0.7053590415492846,0.0031308848410844803,0.0020201988518238068
kodim11,JPEG,30.0,0.6707560221354166,30.003866053153793,0.849206791979957,0.0036866581067442894,0.0027917008846998215
kodim11,JPEG,50.0,0.9308268229166666,31.712971799369573,0.8902731281594963,0.0033674025908112526,0.0018387660384178162
kodim11,JPEG,70.0,1.2748209635416667,33.571873928471135,0.9217195373355999,0.006383989937603474,0.002322620712220669
kodim11,JPEG,80.0,1.6083577473958333,35.14895903959203,0.9402651830230414,0.004316069185733795,0.002170420251786709
kodim11,JPEG,90.0,2.3876749674479165,38.06093489008831,0.9645108132687872,0.004994675517082214,0.003375721164047718
kodim11,JPEG,95.0,3.44647216796875,40.91229366338907,0.9795164754259001,0.005880877375602722,0.004312247969210148
kodim11,BPG,40.0,0.35723876953125,29.08585381900206,0.8001176142470631,0.29534914065152407,0.21693210769444704
kodim11,BPG,35.0,0.6155802408854166,32.04440719781043,0.8846993444257256,0.30823243875056505,0.2414388656616211
kodim11,BPG,31.0,0.9336344401041666,34.60602829135009,0.928919131305371,0.3341744700446725,0.22652084194123745
kodim11,BPG,27.0,1.3807779947916667,37.33509228606552,0.9582497705396577,0.3404850512742996,0.20573424454778433
kodim11,BPG,23.0,1.9514567057291667,39.98930685340924,0.9749785530099359,0.37385886721313,0.21097232587635517
kodim11,BPG,19.0,2.6810506184895835,42.49453614742305,0.9845554047052233,0.40473832562565804,0.22895278315991163
kodim11,BPG,15.0,3.5849609375,44.67434682264916,0.9901376934668701,0.3989502443000674,0.23290922213345766
kodim11,JPEG-XL,5.0,0.5196940104166666,30.816822603686283,0.8532447879176274,0.20323208905756474,0.07943036127835512
kodim11,JPEG-XL,4.5,0.5732014973958334,31.220979132506024,0.8643159973222021,0.18308921623975039,0.0762742692604661
kodim11,JPEG-XL,3.5,0.7256266276041666,32.508250095970496,0.8922062289468503,0.1690296558663249,0.07655960507690907
kodim11,JPEG-XL,2.8,0.8904622395833334,33.71166147121716,0.9153850239291472,0.18494810815900564,0.07878510747104883
kodim11,JPEG-XL,1.7,1.3411661783854167,36.29534886007521,0.9502448405002912,0.16456196270883083,0.07513605523854494
kodim11,JPEG-XL,1.0,2.0126749674479165,39.25467808435168,0.9729389179998451,0.16972649563103914,0.07779007311910391
kodim11,JPEG-XL,0.4,3.5264892578125,43.4833912428013,0.98858854513426,0.15197669714689255,0.0892007639631629
kodim12,JPEG,10.0,0.23724365234375,28.709399980115965,0.7582245146139863,0.002484249882400036,0.0017679007723927498
kodim12,JPEG,30.0,0.4728597005208333,32.80517322624355,0.8661027174500134,0.00377803947776556,0.0018184464424848557
kodim12,JPEG,50.0,0.65838623046875,34.604756340465364,0.9009791746630563,0.0036622006446123123,0.0029393313452601433
kodim12,JPEG,70.0,0.9153849283854166,36.24732536145255,0.9255900950728542,0.0036425739526748657,0.002245665527880192
kodim12,JPEG,80.0,1.1654459635416667,37.540197350563446,0.9403652676653823,0.0038175471127033234,0.0019216230139136314
kodim12,JPEG,90.0,1.782470703125,39.88382421921156,0.9603541742858758,0.00495182815939188,0.00351595226675272
kodim12,JPEG,95.0,2.6619669596354165,42.17663114748987,0.9740271499224376,0.005641672760248184,0.0028366241604089737
kodim12,BPG,40.0,0.23746744791666666,31.843238808488017,0.831120629960119,0.27920513041317463,0.220003847964108
kodim12,BPG,35.0,0.3837483723958333,34.45994184430018,0.8896250577473599,0.2815634720027447,0.21864501386880875
kodim12,BPG,31.0,0.58685302734375,36.64458980712911,0.924947473972978,0.2972066719084978,0.23303841147571802
kodim12,BPG,27.0,0.9052937825520834,38.95639359529099,0.9505440727169162,0.3318568393588066,0.2374256392940879
kodim12,BPG,23.0,1.3791707356770833,41.229462857401835,0.9677147094911133,0.34265042562037706,0.23356919176876545
kodim12,BPG,19.0,2.0539347330729165,43.464957524214384,0.9793492274033687,0.364037336781621,0.2599206855520606
kodim12,BPG,15.0,2.9336140950520835,45.4748197270456,0.9865109844743593,0.4020180609077215,0.2638399666175246
kodim12,JPEG-XL,5.0,0.34783935546875,33.76769686405457,0.8701129711606104,0.17039356753230095,0.08854480553418398
kodim12,JPEG-XL,4.5,0.38824462890625,34.17006074703507,0.8794865411250496,0.18061789125204086,0.08296162728220224
kodim12,JPEG-XL,3.5,0.4797770182291667,35.11998237443728,0.8989429769568519,0.16319452971220016,0.06836771965026855
kodim12,JPEG-XL,2.8,0.5879923502604166,36.1844872362464,0.9174567611015835,0.1630253428593278,0.06740802247077227
kodim12,JPEG-XL,1.7,0.9080810546875,38.45044433242491,0.9458573046455051,0.1684042140841484,0.08342528343200684
kodim12,JPEG-XL,1.0,1.4267374674479167,40.9748994466559,0.9666008297903593,0.18319227918982506,0.08036982733756304
kodim12,JPEG-XL,0.4,2.8733927408854165,44.871636984404745,0.985120417087115,0.12782544363290071,0.07004908751696348
kodim13,JPEG,10.0,0.5034586588541666,22.797352505283357,0.6664721094317803,0.0031840400770306587,0.001958882436156273
kodim13,JPEG,30.0,1.1055094401041667,25.883171829287054,0.8254004911923225,0.006689595058560371,0.0025607002899050713
kodim13,JPEG,50.0,1.5330607096354167,27.59905875128712,0.874629184427712,0.006354925222694874,0.0029138168320059776
kodim13,JPEG,70.0,2.1017049153645835,29.70141481239031,0.9151089761029647,0.006535563617944717,0.00286177359521389
kodim13,JPEG,80.0,2.6543172200520835,31.645845835973837,0.9410847691259883,0.007315491326153278,0.0029386943206191063
kodim13,JPEG,90.0,3.8253580729166665,35.33128168738497,0.9720957919561494,0.006065987050533295,0.0032891063019633293
kodim13,JPEG,95.0,5.223103841145833,38.704751698202514,0.9871123974346739,0.008003195747733116,0.004520128481090069
kodim13,BPG,40.0,0.7030843098958334,25.6485047824904,0.7778259578678915,0.318407841026783,0.2319699665531516
kodim13,BPG,35.0,1.27947998046875,29.07724917712632,0.8945907298463577,0.36848986707627773,0.2113477699458599
kodim13,BPG,31.0,1.8907267252604167,32.01222361060498,0.9453798770432922,0.37957901880145073,0.22361176181584597
kodim13,BPG,27.0,2.6048583984375,35.010533421511894,0.9720430003215231,0.3804940124973655,0.1988153923302889
kodim13,BPG,23.0,3.39788818359375,37.93049702733382,0.9850601782120799,0.3829787168651819,0.2126793172210455
kodim13,BPG,19.0,4.290059407552083,40.64431646985333,0.9915139386540851,0.41734896786510944,0.2070081913843751
kodim13,BPG,15.0,5.306986490885417,43.05268116705268,0.9947965271582767,0.40926860366016626,0.20885523408651352
kodim13,JPEG-XL,5.0,0.8250732421875,26.32080142911484,0.8031258280869288,0.20064933970570564,0.08452875073999166
kodim13,JPEG-XL,4.5,0.9176228841145834,26.858063398790893,0.8218441546149978,0.2148304283618927,0.07579124439507723
kodim13,JPEG-XL,3.5,1.1720377604166667,28.264465969455976,0.8649511938502052,0.18014967162162066,0.0798304183408618
kodim13,JPEG-XL,2.8,1.42694091796875,29.54793457066897,0.8984375471886773,0.1867270739749074,0.0979515565559268
kodim13,JPEG-XL,1.7,2.1484578450520835,32.71011781198628,0.9528477214176698,0.22571619506925344,0.08670380059629679
kodim13,JPEG-XL,1.0,3.0178426106770835,35.69982948455312,0.9765942793646611,0.20620601437985897,0.08158920332789421
kodim13,JPEG-XL,0.4,4.692342122395833,39.68627546250432,0.9903348663642758,0.1696405028924346,0.10371599439531565
kodim14,JPEG,10.0,0.3772176106770833,25.16773939880195,0.6941847519364743,0.002765968441963196,0.001955699175596237
kodim14,JPEG,30.0,0.8267618815104166,28.726629752445593,0.8440426993900121,0.003588913008570671,0.0026940377429127693
kodim14,JPEG,50.0,1.1468709309895833,30.28882268277666,0.8856061888001224,0.0033006109297275543,0.0019821329042315483
kodim14,JPEG,70.0,1.5634562174479167,31.99677204686498,0.9180480661254334,0.004250642843544483,0.002610066905617714
kodim14,JPEG,80.0,1.97015380859375,33.47249959029314,0.938266098381213,0.004811073653399944,0.00238772202283144
kodim14,JPEG,90.0,2.90643310546875,36.30527262244202,0.9649766655262906,0.005319841206073761,0.002788737416267395
kodim14,JPEG,95.0,4.126790364583333,38.977075920036086,0.9810927219181745,0.008262025192379951,0.0038201604038476944
kodim14,BPG,40.0,0.433837890625,27.488256222604925,0.7768668327957088,0.2959273587912321,0.20610101986676455
kodim14,BPG,35.0,0.7782999674479166,30.626697011771103,0.8781722549193415,0.312771949917078,0.19927612133324146
kodim14,BPG,31.0,1.1821492513020833,33.26814630934351,0.9285640790547491,0.32986782118678093,0.20515376050025225
kodim14,BPG,27.0,1.7264811197916667,36.07787545662508,0.9598294696743975,0.36368810944259167,0.2150078071281314
kodim14,BPG,23.0,2.4133504231770835,38.865673972764625,0.9775503381657762,0.3888010922819376,0.21633575856685638
kodim14,BPG,19.0,3.2322794596354165,41.599176737286065,0.9871337031362165,0.39386714808642864,0.22310868930071592
kodim14,BPG,15.0,4.196390787760417,43.99869492102561,0.9921250007495885,0.39119882974773645,0.21203708369284868
kodim14,JPEG-XL,5.0,0.6268107096354166,28.96696229230986,0.831413521883111,0.20520400442183018,0.09106605034321547
kodim14,JPEG-XL,4.5,0.6983846028645834,29.422467820814013,0.8459468739877937,0.1827994640916586,0.0845272159203887
kodim14,JPEG-XL,3.5,0.88006591796875,30.608992603149904,0.8779468469486348,0.17345198057591915,0.0774413114413619
kodim14,JPEG-XL,2.8,1.0849405924479167,31.67535248075666,0.9033435967147613,0.1604457926005125,0.07427285984158516
kodim14,JPEG-XL,1.7,1.6464029947916667,34.13788880134402,0.9445289760662062,0.16633957903832197,0.07913317065685987
kodim14,JPEG-XL,1.0,2.3882039388020835,36.59674742887902,0.9682055783132899,0.1800852259621024,0.08422920852899551
kodim14,JPEG-XL,0.4,4.003458658854167,40.27759144414124,0.9849671085899109,0.1707806894555688,0.07179235201328993
kodim15,JPEG,10.0,0.2589518229166667,27.822819295391422,0.7478064660034501,0.005398518405854702,0.002260703593492508
kodim15,JPEG,30.0,0.4991251627604167,31.52722619081817,0.8569937035933209,0.0057541439309716225,0.0022662384435534477
kodim15,JPEG,50.0,0.6911417643229166,33.069387828039694,0.8902069340350954,0.005530042573809624,0.0017124377191066742
kodim15,JPEG,70.0,0.9596354166666666,34.722905389271624,0.9166031406183769,0.003944452852010727,0.0021946700289845467
kodim15,JPEG,80.0,1.232177734375,35.992267278300396,0.9329906139781601,0.0043397583067417145,0.0020892759785056114
kodim15,JPEG,90.0,1.8995564778645833,38.44008698584823,0.9559106452781916,0.004164973273873329,0.002672627568244934
kodim15,JPEG,95.0,2.8224690755208335,40.756339319146875,0.9717042759694617,0.005351475439965725,0.0027364185079932213
kodim15,BPG,40.0,0.2568562825520833,30.65466813478878,0.8289689953183452,0.28238408360630274,0.1800861982628703
kodim15,BPG,35.0,0.4216105143229167,33.2551553681149,0.8852598871846263,0.28713297564536333,0.19218755513429642
kodim15,BPG,31.0,0.6451416015625,35.60789083627413,0.9219931386914962,0.305695160292089,0.19526135735213757
kodim15,BPG,27.0,0.9890340169270834,38.03685756958916,0.948375312334476,0.3270794125273824,0.18760996032506227
kodim15,BPG,23.0,1.4761555989583333,40.450061965391264,0.9661868433865607,0.3098362646996975,0.21877050958573818
kodim15,BPG,19.0,2.1561279296875,42.80501207650585,0.9781670871710254,0.37527765333652496,0.22648845706135035
kodim15,BPG,15.0,3.0394490559895835,44.94718150702877,0.9857246431236591,0.40158780198544264,0.22944965586066246
kodim15,JPEG-XL,5.0,0.3617757161458333,31.983201669441122,0.8609725943300592,0.19910409208387136,0.08132714964449406
kodim15,JPEG-XL,4.5,0.4015096028645833,32.36104630703086,0.8687656742673742,0.24349323939532042,0.07150283828377724
kodim15,JPEG-XL,3.5,0.4897664388020833,33.23632216621024,0.8854422297111263,0.21759300120174885,0.08554529678076506
kodim15,JPEG-XL,2.8,0.60357666015625,34.243917742621655,0.903093760851378,0.22824929933995008,0.07605644501745701
kodim15,JPEG-XL,1.7,0.9359130859375,36.40619253239866,0.9331500987387132,0.1867688288912177,0.08164705708622932
kodim15,JPEG-XL,1.0,1.47039794921875,39.10556091720024,0.9589744456812394,0.20269571244716644,0.0884663499891758
kodim15,JPEG-XL,0.4,2.8302205403645835,43.0397063287852,0.9808477987687613,0.1745628323405981,0.07544682174921036
kodim16,JPEG,10.0,0.2655436197916667,27.68532065852808,0.7317020044840165,0.003214058466255665,0.0022466834634542465
kodim16,JPEG,30.0,0.5585530598958334,31.75018552883371,0.8674488054421042,0.005969411693513393,0.0021331319585442543
kodim16,JPEG,50.0,0.7748819986979166,33.44756199856771,0.9047130008616114,0.00327469315379858,0.0016673598438501358
kodim16,JPEG,70.0,1.055419921875,35.203728344020824,0.9318008295610557,0.0033888695761561394,0.0023887408897280693
kodim16,JPEG,80.0,1.33367919921875,36.65229044500451,0.947638152039363,0.006671207025647163,0.0019879648461937904
kodim16,JPEG,90.0,2.0115559895833335,39.399096377080895,0.9677892326978411,0.0075721461325883865,0.004813006147742271
kodim16,JPEG,95.0,2.9590250651041665,42.179201992288604,0.9800169766719394,0.005320634692907333,0.0029442524537444115
kodim16,BPG,40.0,0.30145263671875,30.96280534557007,0.8346868469711372,0.26997729297727346,0.19935283437371254
kodim16,BPG,35.0,0.5164998372395834,33.741775914426874,0.9029303229729893,0.3057542620226741,0.21509206108748913
kodim16,BPG,31.0,0.7850341796875,36.2102957455329,0.9389185761951317,0.31932528875768185,0.21864313818514347
kodim16,BPG,27.0,1.15350341796875,38.71985073052957,0.9616397701256348,0.34122181963175535,0.22992876078933477
kodim16,BPG,23.0,1.6536661783854167,41.14803410655856,0.975110871530014,0.3373342975974083,0.22690310887992382
kodim16,BPG,19.0,2.3363037109375,43.43662830873637,0.983553411663379,0.3691625026986003,0.24106029234826565
kodim16,BPG,15.0,3.2015380859375,45.44721371637096,0.9891232202726353,0.373061815276742,0.23403115570545197
kodim16,JPEG-XL,5.0,0.3855997721354167,32.3074763950474,0.8713090669753617,0.15327027346938848,0.0862151412293315
kodim16,JPEG-XL,4.5,0.4274088541666667,32.672921475344026,0.8813938967306431,0.194660316221416,0.08411151077598333
kodim16,JPEG-XL,3.5,0.5351765950520834,33.78410463897574,0.9044340455589511,0.18750212248414755,0.06661480665206909
kodim16,JPEG-XL,2.8,0.66558837890625,34.94240670370449,0.924108142339303,0.19877327140420675,0.07575684878975153
kodim16,JPEG-XL,1.7,1.0622965494791667,37.81708474026472,0.9566232525228506,0.20545349549502134,0.07307167444378138
kodim16,JPEG-XL,1.0,1.6144612630208333,40.7362689677852,0.9752153666253397,0.15816166158765554,0.07046387903392315
kodim16,JPEG-XL,0.4,2.9633382161458335,44.65093754010539,0.9884234353283626,0.15684469230473042,0.06663167756050825
kodim17,JPEG,10.0,0.28839111328125,27.982943260840784,0.7746133993108234,0.005306035280227661,0.0028077419847249985
kodim17,JPEG,30.0,0.5628662109375,31.97135367151639,0.8893796174442082,0.00356233399361372,0.002919069491326809
kodim17,JPEG,50.0,0.7665812174479166,33.69236818094023,0.9184706578098775,0.004218746908009052,0.001831606961786747
kodim17,JPEG,70.0,1.0485432942708333,35.38134089235869,0.9383973418406044,0.0040959641337394714,0.0021600862964987755
kodim17,JPEG,80.0,1.3319498697916667,36.73349159626712,0.9501707004714662,0.004297802224755287,0.001990986056625843
kodim17,JPEG,90.0,2.0185953776041665,39.18358545087573,0.966182301668454,0.007101517170667648,0.004248667508363724
kodim17,JPEG,95.0,2.99493408203125,41.483335898418055,0.977426133719621,0.00570039264857769,0.003840138204395771
kodim17,BPG,40.0,0.29998779296875,31.04327662102137,0.8547565024957876,0.27734477538615465,0.20079421624541283
kodim17,BPG,35.0,0.4738972981770833,33.70412548666149,0.9077763933922762,0.28588901087641716,0.2181968716904521
kodim17,BPG,31.0,0.68719482421875,35.874181741153905,0.936084593534361,0.29965602699667215,0.2051459914073348
kodim17,BPG,27.0,1.0119222005208333,38.16272897446432,0.9559179634231233,0.33882493060082197,0.24194861017167568
kodim17,BPG,23.0,1.5154825846354167,40.450191962758396,0.9700771844779953,0.3594743628054857,0.2588139260187745
kodim17,BPG,19.0,2.2402750651041665,42.83327318880833,0.9810762343030973,0.40906316693872213,0.2557901507243514
kodim17,BPG,15.0,3.1457926432291665,44.96390370803127,0.9880492224376999,0.429525513201952,0.2617386244237423
kodim17,JPEG-XL,5.0,0.43402099609375,32.87296595933474,0.9002231024358996,0.14898416120558977,0.07640085648745298
kodim17,JPEG-XL,4.5,0.4783121744791667,33.28824448977423,0.9076393002164086,0.17878489568829536,0.10376342851668596
kodim17,JPEG-XL,3.5,0.5834147135416666,34.3810208852818,0.9223840656289101,0.16859260387718678,0.08267602510750294
kodim17,JPEG-XL,2.8,0.7145589192708334,35.473667463861105,0.9356702349024748,0.18145471345633268,0.0692094573751092
kodim17,JPEG-XL,1.7,1.0636393229166667,37.65067339376033,0.9563380014911321,0.16055736038833857,0.0899588419124484
kodim17,JPEG-XL,1.0,1.6132405598958333,39.92102696067348,0.9712979767079499,0.19699677731841803,0.07636889908462763
kodim17,JPEG-XL,0.4,3.0602213541666665,43.445035721179366,0.985686858788608,0.1699444567784667,0.07928751409053802
kodim18,JPEG,10.0,0.3756306966145833,25.1978121230561,0.7134881823062709,0.0028310930356383324,0.002077934332191944
kodim18,JPEG,30.0,0.7958780924479166,28.60172633400189,0.8453507378364762,0.004109359346330166,0.002320295199751854
kodim18,JPEG,50.0,1.10455322265625,30.28585744981021,0.8836473356671584,0.0037820804864168167,0.0022767242044210434
kodim18,JPEG,70.0,1.5243733723958333,32.086249265946364,0.9137395761954042,0.006626664660871029,0.0027198530733585358
kodim18,JPEG,80.0,1.939697265625,33.61838401065094,0.9325245755022854,0.004413595423102379,0.00260980986058712
kodim18,JPEG,90.0,2.8708699544270835,36.35046032538871,0.9574783482150101,0.007779600098729134,0.0031160684302449226
kodim18,JPEG,95.0,4.134297688802083,38.99513359873923,0.9747979940290006,0.006430758163332939,0.004052582196891308
kodim18,BPG,40.0,0.4683837890625,27.730360865333054,0.7989466311978802,0.2963207419961691,0.19985345751047134
kodim18,BPG,35.0,0.8111775716145834,30.72120932511515,0.8792516271653374,0.3225401109084487,0.21069332864135504
kodim18,BPG,31.0,1.2092081705729167,33.2649483013861,0.9207479720310682,0.3529958017170429,0.20219460502266884
kodim18,BPG,27.0,1.7834879557291667,35.85817381135876,0.950036573579669,0.4047046471387148,0.2167132394388318
kodim18,BPG,23.0,2.5442708333333335,38.547866366816564,0.971120610174174,0.39152157958596945,0.21642944496124983
kodim18,BPG,19.0,3.4414876302083335,41.18834214066624,0.9833375854501921,0.4024772634729743,0.2158604608848691
kodim18,BPG,15.0,4.503763834635417,43.54377977290886,0.9896602904118287,0.46365165803581476,0.21188811212778091
kodim18,JPEG-XL,5.0,0.6010335286458334,29.00449472363483,0.8409985459100419,0.1652745632454753,0.09049656242132187
kodim18,JPEG-XL,4.5,0.66259765625,29.438060217093117,0.8539911305276401,0.1819185223430395,0.08621199429035187
kodim18,JPEG-XL,3.5,0.8255818684895834,30.54984014258168,0.8786327403658808,0.17862432450056076,0.07964708935469389
kodim18,JPEG-XL,2.8,1.0166422526041667,31.717412400178194,0.9013258682858986,0.1764733213931322,0.07201838120818138
kodim18,JPEG-XL,1.7,1.5565592447916667,34.03085451890439,0.9368303865929688,0.19548588059842587,0.0825895955786109
kodim18,JPEG-XL,1.0,2.3305867513020835,36.485316650410816,0.9620245047932569,0.17763931024819613,0.0878244498744607
kodim18,JPEG-XL,0.4,4.065531412760417,40.29587811485939,0.9842058367333256,0.1364593245089054,0.08010170422494411
kodim19,JPEG,10.0,0.3100992838541667,26.84542264746563,0.7426017297064959,0.0029062647372484207,0.0019295001402497292
kodim19,JPEG,30.0,0.6289469401041666,30.692023650377852,0.8638212533963694,0.002956288866698742,0.0021788207814097404
kodim19,JPEG,50.0,0.8653971354166666,32.37151390711721,0.8974537322670516,0.006162778474390507,0.0018831472843885422
kodim19,JPEG,70.0,1.1845703125,34.03655541449488,0.9229746793101704,0.0038314377889037132,0.0024529313668608665
kodim19,JPEG,80.0,1.5175984700520833,35.44760331073488,0.9395915278075601,0.004031524993479252,0.002215621992945671
kodim19,JPEG,90.0,2.3099772135416665,38.21748224120727,0.9622148602009015,0.004248860292136669,0.002907469868659973
kodim19,JPEG,95.0,3.3741048177083335,41.004335616895126,0.9761403389412627,0.007559529505670071,0.00302223302423954
kodim19,BPG,40.0,0.31640625,29.758579446918105,0.8210445372197167,0.2825436722487211,0.2178499437868595
kodim19,BPG,35.0,0.5452473958333334,32.4704677720099,0.8931923149159514,0.31886230409145355,0.2551102889701724
kodim19,BPG,31.0,0.8333740234375,34.88044464363077,0.9297794333181754,0.3334821127355099,0.24337969440966845
kodim19,BPG,27.0,1.2448527018229167,37.33730378760428,0.9533354062221303,0.38679330609738827,0.2493084715679288
kodim19,BPG,23.0,1.8458658854166667,39.82683641209157,0.969407718267199,0.3508872911334038,0.259018880315125
kodim19,BPG,19.0,2.618896484375,42.24530844503734,0.9810816712365829,0.402748110704124,0.24067504331469536
kodim19,BPG,15.0,3.56036376953125,44.429576977120846,0.9878748038828778,0.4388320306316018,0.24087889399379492
kodim19,JPEG-XL,5.0,0.4350789388020833,31.23540522329481,0.8612221822030479,0.1535312607884407,0.07241611368954182
kodim19,JPEG-XL,4.5,0.4792683919270833,31.605236268977205,0.8711138891003039,0.1982673965394497,0.08211966417729855
kodim19,JPEG-XL,3.5,0.5901692708333334,32.62211215265656,0.8924094896625885,0.1716912528499961,0.07889821473509073
kodim19,JPEG-XL,2.8,0.7290445963541666,33.58922933291473,0.9123202458581742,0.161068475805223,0.07413172256201506
kodim19,JPEG-XL,1.7,1.1550699869791667,36.10638703734991,0.946333584708941,0.18373517878353596,0.08921562321484089
kodim19,JPEG-XL,1.0,1.8051350911458333,38.87505181372786,0.9684958660759375,0.16665921173989773,0.08817883767187595
kodim19,JPEG-XL,0.4,3.44952392578125,42.82931460302608,0.9862630360605394,0.157256537117064,0.08348400704562664
kodim20,JPEG,10.0,0.2578125,28.272327241564398,0.8127828217886508,0.005367686040699482,0.0018400000408291817
kodim20,JPEG,30.0,0.4676310221354167,31.95991566383444,0.8900428205528567,0.00521423202008009,0.001979207620024681
kodim20,JPEG,50.0,0.62060546875,33.5334270300025,0.9124689100268853,0.0046426113694906235,0.0017075324431061745
kodim20,JPEG,70.0,0.8363037109375,35.17045367743778,0.9305738691086463,0.0039003631100058556,0.0021920762956142426
kodim20,JPEG,80.0,1.0565185546875,36.522823332888,0.9425866705001386,0.006316117011010647,0.001985308714210987
kodim20,JPEG,90.0,1.5994059244791667,38.98026185852671,0.9594014675405482,0.004449648782610893,0.002561379224061966
kodim20,JPEG,95.0,2.3740437825520835,41.241427314873214,0.9706931589544117,0.006502061150968075,0.0028049740940332413
kodim20,BPG,40.0,0.2536214192708333,31.184160899305546,0.8653784474525713,0.29371117427945137,0.16651310864835978
kodim20,BPG,35.0,0.4024251302083333,33.951589084181485,0.9133753983616885,0.29821661207824945,0.16046641115099192
kodim20,BPG,31.0,0.59173583984375,36.32716968951337,0.9388335591608475,0.2841933136805892,0.16093154158443213
kodim20,BPG,27.0,0.8555094401041666,38.6579859348426,0.9548006027405446,0.3036751374602318,0.17003463301807642
kodim20,BPG,23.0,1.2353312174479167,40.83856043881228,0.9661968494358261,0.31176501605659723,0.1797084780409932
kodim20,BPG,19.0,1.7620442708333333,42.864384770439855,0.9756247189065371,0.36068608425557613,0.19075396843254566
kodim20,BPG,15.0,2.5382080078125,44.91693334638249,0.9843340691151584,0.37678192276507616,0.21649703942239285
kodim20,JPEG-XL,5.0,0.3438313802083333,32.88989388222907,0.8928902362331361,0.2261210661381483,0.07366392482072115
kodim20,JPEG-XL,4.5,0.37628173828125,33.25048497117617,0.8993654184903379,0.20297676511108875,0.06929397396743298
kodim20,JPEG-XL,3.5,0.4586181640625,34.17707092292347,0.9125280367827523,0.1987496353685856,0.07888439390808344
kodim20,JPEG-XL,2.8,0.5508626302083334,35.14488498449831,0.9247497854290175,0.21965662017464638,0.07262627594172955
kodim20,JPEG-XL,1.7,0.8425699869791666,37.50583280754485,0.947976104651039,0.2158703040331602,0.06584965717047453
kodim20,JPEG-XL,1.0,1.2601114908854167,39.82990700157505,0.9625042925134059,0.2005971595644951,0.07308610156178474
kodim20,JPEG-XL,0.4,2.3141886393229165,42.96604465328795,0.9770940842497797,0.16409931425005198,0.07660567294806242
kodim21,JPEG,10.0,0.3354695638020833,26.1448229239725,0.7841350129735895,0.003314591944217682,0.00179964117705822
kodim21,JPEG,30.0,0.6465047200520834,29.84980303048578,0.8796588885001079,0.005777538754045963,0.0020252522081136703
kodim21,JPEG,50.0,0.8723551432291666,31.465512183475855,0.9062272501952385,0.008614162914454937,0.0018114261329174042
kodim21,JPEG,70.0,1.1980183919270833,33.23971928343412,0.9270314408007029,0.003577624447643757,0.002364746294915676
kodim21,JPEG,80.0,1.53826904296875,34.81250881013545,0.9406355088001002,0.003875955007970333,0.002109181135892868
kodim21,JPEG,90.0,2.3531901041666665,37.763639100531684,0.9589757368519812,0.007948748767375946,0.00298473984003067
kodim21,JPEG,95.0,3.4394327799479165,40.48673946818701,0.9716871881312183,0.007816466502845287,0.003030438907444477
kodim21,BPG,40.0,0.3855997721354167,28.84255247754566,0.852255512567535,0.2992860395461321,0.1874174950644374
kodim21,BPG,35.0,0.6353352864583334,31.88691694762361,0.9045229824218319,0.3144405037164688,0.20484246872365475
kodim21,BPG,31.0,0.9255167643229166,34.44813087219063,0.9313373717796366,0.31270408164709806,0.1940597491338849
kodim21,BPG,27.0,1.34173583984375,37.019834680564195,0.9495013381470795,0.3341573793441057,0.2427829848602414
kodim21,BPG,23.0,1.9668782552083333,39.532896518606876,0.966241658104933,0.38653850089758635,0.2399252587929368
kodim21,BPG,19.0,2.7857666015625,42.09376813703721,0.9795037985911664,0.3790774215012789,0.2310271868482232
kodim21,BPG,15.0,3.7700398763020835,44.3284506696408,0.986998476018932,0.4391946094110608,0.23742195591330528
kodim21,JPEG-XL,5.0,0.4604899088541667,30.067954635963652,0.8815893462250181,0.17301484383642673,0.07964227441698313
kodim21,JPEG-XL,4.5,0.5117594401041666,30.51761906544543,0.889126587204952,0.17611568700522184,0.07204198464751244
kodim21,JPEG-XL,3.5,0.6446126302083334,31.832993578875563,0.9082761572259983,0.18613226804882288,0.0778856510296464
kodim21,JPEG-XL,2.8,0.8020222981770834,33.178721916005934,0.9237309916401406,0.15321919787675142,0.07586963847279549
kodim21,JPEG-XL,1.7,1.2319132486979167,35.999523665695655,0.9478856061986519,0.15111808758229017,0.07801316492259502
kodim21,JPEG-XL,1.0,1.8463338216145833,38.69604732865228,0.9648425836870153,0.21594193391501904,0.07699226215481758
kodim21,JPEG-XL,0.4,3.4263916015625,42.69088373686719,0.9844786268729608,0.18843726441264153,0.09130117855966091
kodim22,JPEG,10.0,0.2940877278645833,26.732464532918947,0.6992747051505418,0.0032835034653544426,0.0020697135478258133
kodim22,JPEG,30.0,0.6350504557291666,30.217899979658775,0.8365421570913977,0.003507189452648163,0.0023314952850341797
kodim22,JPEG,50.0,0.8905436197916666,31.723256359628866,0.8771478569436194,0.0037660952657461166,0.001940748654305935
kodim22,JPEG,70.0,1.24310302734375,33.266512417304014,0.9080716115305837,0.0038120346143841743,0.0024381252005696297
kodim22,JPEG,80.0,1.5951131184895833,34.58394118897641,0.9277367266386368,0.005947737954556942,0.0021995827555656433
kodim22,JPEG,90.0,2.42193603515625,37.048216775371976,0.9538249027045144,0.004290012642741203,0.0029864413663744926
kodim22,JPEG,95.0,3.525390625,39.4809970032966,0.970944256419894,0.005079931579530239,0.00309545174241066
kodim22,BPG,40.0,0.3452962239583333,28.967923016187992,0.7775554023794986,0.27906698640435934,0.23647847026586533
kodim22,BPG,35.0,0.61871337890625,31.725140844438307,0.8667454038422022,0.30683417338877916,0.20451649371534586
kodim22,BPG,31.0,0.96026611328125,34.176560330506604,0.9140467534251306,0.3121593948453665,0.21814537327736616
kodim22,BPG,27.0,1.4449462890625,36.70487428543383,0.9447966358812034,0.378554685972631,0.20898159313946962
kodim22,BPG,23.0,2.1095377604166665,39.268947194285,0.965862553869122,0.3940627137199044,0.2260762108489871
kodim22,BPG,19.0,2.95233154296875,41.76595086677392,0.9794320666178372,0.3862343104556203,0.23884855397045612
kodim22,BPG,15.0,3.97198486328125,43.990213981586294,0.987023244787932,0.44137502275407314,0.22255752608180046
kodim22,JPEG-XL,5.0,0.4940388997395833,30.659946099747785,0.8349853380778121,0.18545154482126236,0.08016259502619505
kodim22,JPEG-XL,4.5,0.5517781575520834,31.04827712511745,0.8477183146088186,0.19835653342306614,0.08083687163889408
kodim22,JPEG-XL,3.5,0.6853841145833334,31.972632525909084,0.8733957418724302,0.17214703932404518,0.08381962776184082
kodim22,JPEG-XL,2.8,0.85150146484375,33.004049637609484,0.8965196600198434,0.20098671317100525,0.07564433664083481
kodim22,JPEG-XL,1.7,1.3494873046875,35.30369610756948,0.9348938375337529,0.1793079674243927,0.08839497622102499
kodim22,JPEG-XL,1.0,2.0832316080729165,37.92749046027883,0.9610767883158919,0.19899098109453917,0.07832149975001812
kodim22,JPEG-XL,0.4,3.837158203125,42.07110260284167,0.9840044576893247,0.14067139197140932,0.07846521586179733
kodim23,JPEG,10.0,0.23677571614583334,28.873424342738208,0.7940274191015623,0.00542907789349556,0.003040377050638199
kodim23,JPEG,30.0,0.4195149739583333,33.382906636472995,0.893548578652589,0.0029260311275720596,0.0017942283302545547
kodim23,JPEG,50.0,0.5646565755208334,35.07526928084944,0.9188893353054514,0.003285665065050125,0.001727977767586708
kodim23,JPEG,70.0,0.769287109375,36.62990656990876,0.9369365947245841,0.003773867152631283,0.0024886084720492363
kodim23,JPEG,80.0,0.9919637044270834,37.7856936426702,0.9472717026043673,0.007940281182527542,0.002037458121776581
kodim23,JPEG,90.0,1.5732625325520833,39.64109337306077,0.9609035368170242,0.004477187991142273,0.0024795113131403923
kodim23,JPEG,95.0,2.4015909830729165,41.27728647977509,0.9712720784311181,0.005274500697851181,0.0024945996701717377
kodim23,BPG,40.0,0.23067220052083334,32.078430168566,0.8743982909769238,0.2852041758596897,0.24764280579984188
kodim23,BPG,35.0,0.3296101888020833,34.787770138459294,0.9119202416440032,0.3055176502093673,0.2534958506003022
kodim23,BPG,31.0,0.4598388671875,36.910812346827825,0.9337641497086699,0.3239676607772708,0.2605707040056586
kodim23,BPG,27.0,0.6686197916666666,38.96695184840085,0.9497798054732153,0.32248080149292946,0.2534424690529704
kodim23,BPG,23.0,1.06207275390625,40.92621586944973,0.96297171549391,0.35560409538447857,0.27563448157161474
kodim23,BPG,19.0,1.72271728515625,43.02099409217191,0.9748151385330122,0.37397505063563585,0.2702845335006714
kodim23,BPG,15.0,2.630126953125,45.02848011945101,0.983385898278104,0.4154774844646454,0.27388314343988895
kodim23,JPEG-XL,5.0,0.3092447916666667,33.77678039895691,0.9075009863566211,0.19631614070385695,0.08327215816825628
kodim23,JPEG-XL,4.5,0.3397623697916667,34.13651639289366,0.9134476458011358,0.23957914486527443,0.08530495502054691
kodim23,JPEG-XL,3.5,0.40283203125,35.01528493811205,0.9220762480245703,0.20869248919188976,0.07956574391573668
kodim23,JPEG-XL,2.8,0.47991943359375,35.883256261463146,0.9305023105391705,0.21960657555609941,0.07643461879342794
kodim23,JPEG-XL,1.7,0.7292073567708334,37.6795678929915,0.9458657941690998,0.18983703292906284,0.07922006864100695
kodim23,JPEG-XL,1.0,1.15423583984375,39.50327830982977,0.958954132969159,0.20875378418713808,0.0755055258050561
kodim23,JPEG-XL,0.4,2.52618408203125,42.61339542595302,0.9760324527709536,0.18447058647871017,0.07808427605777979
kodim24,JPEG,10.0,0.3802286783854167,24.803266974614356,0.7367245895091487,0.005549849942326546,0.0020109647884964943
kodim24,JPEG,30.0,0.7920735677083334,28.280165732330488,0.8656906211704157,0.0034492891281843185,0.0020624641329050064
kodim24,JPEG,50.0,1.0923868815104167,29.98021657760461,0.9027134691366768,0.0036427415907382965,0.002493312582373619
kodim24,JPEG,70.0,1.4877726236979167,31.806868287132367,0.9307678188865268,0.004332423210144043,0.0033395197242498398
kodim24,JPEG,80.0,1.8747355143229167,33.32384033705894,0.9479454368476158,0.004461229778826237,0.002284790389239788
kodim24,JPEG,90.0,2.7486165364583335,35.90878744587123,0.9693850953048669,0.006387465633451939,0.0026527363806962967
kodim24,JPEG,95.0,3.87152099609375,37.99766453559482,0.9819993262303065,0.006141922436654568,0.0036426279693841934
kodim24,BPG,40.0,0.4770100911458333,27.746612134684916,0.8289322052212894,0.30723357666283846,0.23221987020224333
kodim24,BPG,35.0,0.8040771484375,30.744471126034703,0.9050652942666497,0.33617067243903875,0.23057295195758343
kodim24,BPG,31.0,1.1733805338541667,33.342502526474675,0.9425826215439276,0.3578560259193182,0.2244464224204421
kodim24,BPG,27.0,1.66082763671875,36.07170553474042,0.9655546652814753,0.3665556227788329,0.2209139922633767
kodim24,BPG,23.0,2.2831217447916665,38.83003411118197,0.9790001304930552,0.3739478923380375,0.24421162996441126
kodim24,BPG,19.0,3.0598958333333335,41.56206590394328,0.9868618279783523,0.41833958122879267,0.24434050265699625
kodim24,BPG,15.0,4.025858561197917,43.96550494971785,0.9915247117325002,0.41201000567525625,0.2538822665810585
kodim24,JPEG-XL,5.0,0.6692708333333334,29.34449012844945,0.8814629486876767,0.20722551550716162,0.08974462375044823
kodim24,JPEG-XL,4.5,0.7446085611979166,29.795301069076263,0.8927156174263509,0.25842584762722254,0.09132519364356995
kodim24,JPEG-XL,3.5,0.9201456705729166,31.047525169061597,0.9166772768573699,0.21276192739605904,0.0877113239839673
kodim24,JPEG-XL,2.8,1.1178792317708333,32.17365890467694,0.9351901287932517,0.19986718334257603,0.08026814367622137
kodim24,JPEG-XL,1.7,1.6433512369791667,34.59897741762555,0.9632831657121397,0.21473577339202166,0.07673863600939512
kodim24,JPEG-XL,1.0,2.3590494791666665,37.02067340556118,0.9792860401774467,0.21395204029977322,0.0834352420642972
kodim24,JPEG-XL,0.4,3.9992879231770835,40.68747671780564,0.9909263807462011,0.21948111522942781,0.08347145561128855
